{
  "temperature": 5,
  "alpha": 0.3,
  "best_val_loss": 1.0450551283359528,
  "best_val_loss_epoch": 44,
  "final_val_loss": 1.1072044730186463,
  "best_test_acc": 0.4689922480559562,
  "final_test_acc": 0.4689922480559562,
  "final_test_loss": 1.0450551283359528,
  "final_topk_acc": {
    "1": [
      0.4689922480559562,
      0.4573643410793622,
      0.44832041343090023,
      0.42764857880584434,
      0.4354005167902403,
      0.44186046511057026,
      0.42506459947771236
    ],
    "2": [
      0.6640826873299214,
      0.6589147286736574,
      0.6589147286736574,
      0.6537467700173935,
      0.6279069767360735,
      0.6304909560642056,
      0.6124031007672817
    ],
    "3": [
      0.8178294573537748,
      0.8281653746663028,
      0.8178294573537748,
      0.8217054263459728,
      0.8023255813849829,
      0.771317829447399,
      0.757105943142673
    ],
    "5": [
      0.9431524547681763,
      0.9418604651041104,
      0.9418604651041104,
      0.9405684754400443,
      0.9392764857759783,
      0.9276485787993843,
      0.9186046511509224
    ],
    "10": [
      0.9922480620026841,
      0.9922480620026841,
      0.9922480620026841,
      0.9909560723386182,
      0.9896640826745521,
      0.9883720930104861,
      0.9896640826745521
    ]
  },
  "final_dba_score": [
    0.9571059431524549,
    0.9578811369509045,
    0.9563307493540052,
    0.9565891472868218,
    0.9465116279069767,
    0.9359173126614986,
    0.9299741602067182
  ],
  "save_directory": "/scratch/project_2005641/Beam_prediction/Single_modality/saved_folder_train/StdCnv_Talpha_L8J6_lr0.00065/T_5_alpha_0.3",
  "slurm_job_id": "29016028",
  "slurm_array_task_id": "16"
}