{
  "seq_length": 8,
  "batch_size": 32,
  "lr": 0.0001,
  "best_val_loss": 1.3421457314491272,
  "best_val_loss_epoch": 57,
  "final_val_loss": 1.3733591604232789,
  "best_test_acc": 0.39276485787606247,
  "final_test_acc": 0.39534883720419445,
  "final_test_loss": 1.342151666879654,
  "final_topk_acc": {
    "1": [
      0.39534883720419445,
      0.3901808785479305,
      0.3875968992197985,
      0.3617571059384786,
      0.3759689922432045,
      0.3785529715713365,
      0.3940568475401285
    ],
    "2": [
      0.6007751937906877,
      0.6007751937906877,
      0.5891472868140937,
      0.5671834625249718,
      0.5529715762202458,
      0.5439276485717839,
      0.5465116278999159
    ],
    "3": [
      0.7441860465020131,
      0.748062015494211,
      0.7364341085176171,
      0.7170542635566272,
      0.7196382428847592,
      0.7080103359081652,
      0.6653746769939874
    ],
    "5": [
      0.8940568475336685,
      0.8888888888774046,
      0.8914728682055365,
      0.8837209302211405,
      0.8863049095492725,
      0.8759689922367446,
      0.8617571059320186
    ],
    "10": [
      0.9677002583854302,
      0.9664082687213642,
      0.9702842377135622,
      0.9689922480494962,
      0.9677002583854302,
      0.9638242893932323,
      0.9612403100651002
    ]
  },
  "final_dba_score": [
    0.9198966408268733,
    0.9191214470284237,
    0.9152454780361756,
    0.9056847545219636,
    0.901550387596899,
    0.8891472868217052,
    0.871317829457364
  ],
  "final_test_loss_ema": null,
  "final_test_acc_ema": null,
  "final_dba_score_ema": null,
  "save_directory": "/scratch/project_2005641/Beam_prediction/Single_modality/saved_folder_train/Std_SeqLength_parallel/seq_length_8",
  "slurm_job_id": "28778658",
  "slurm_array_task_id": "6"
}