{
  "temperature": 4,
  "alpha": 0.5,
  "best_val_loss": 1.2829164719581605,
  "best_val_loss_epoch": 52,
  "final_val_loss": 3.0709974718093873,
  "best_test_acc": 0.4005167958604584,
  "final_test_acc": 0.3087855297117728,
  "final_test_loss": 1.2829164719581605,
  "final_topk_acc": {
    "1": [
      0.4005167958604584,
      0.4108527131729864,
      0.3785529715713365,
      0.37209302325100657,
      0.3824289405635345,
      0.4095607235089204,
      0.4121447028370524
    ],
    "2": [
      0.6046511627828857,
      0.5930232558062917,
      0.5891472868140937,
      0.5620155038687078,
      0.5516795865561799,
      0.5865633074859617,
      0.5710594315171698
    ],
    "3": [
      0.7532299741504751,
      0.7441860465020131,
      0.7441860465020131,
      0.7273901808691552,
      0.7248062015410232,
      0.7325581395254191,
      0.6925064599393733
    ],
    "5": [
      0.9134366924946584,
      0.9211886304790544,
      0.9121447028305925,
      0.9018087855180644,
      0.8979328165258665,
      0.9043927648461965,
      0.8888888888774046
    ],
    "10": [
      0.9857881136823542,
      0.9780361756979582,
      0.9767441860338922,
      0.9780361756979582,
      0.9741602067057602,
      0.9728682170416942,
      0.9754521963698262
    ]
  },
  "final_dba_score": [
    0.9299741602067182,
    0.9214470284237725,
    0.9170542635658914,
    0.9157622739018086,
    0.9160206718346251,
    0.9144702842377259,
    0.8943152454780359
  ],
  "save_directory": "/scratch/project_2005641/Beam_prediction/Single_modality/saved_folder_train/StdCnv_Talpha_L3J6_lr0.00065/T_4_alpha_0.5",
  "slurm_job_id": "29019591",
  "slurm_array_task_id": "13"
}