{
  "seq_length": 5,
  "batch_size": 32,
  "lr": 0.0001,
  "best_val_loss": 1.4583799314498902,
  "best_val_loss_epoch": 50,
  "final_val_loss": 1.4981575345993041,
  "best_test_acc": 0.37080103358694055,
  "final_test_acc": 0.3682170542588086,
  "final_test_loss": 1.4583799314498902,
  "final_topk_acc": {
    "1": [
      0.37080103358694055,
      0.39147286821199645,
      0.3837209302276005,
      0.3436692506415547,
      0.3320413436649607,
      0.29844961239924483,
      0.251937984492869
    ],
    "2": [
      0.5633074935327738,
      0.5775193798374998,
      0.5865633074859617,
      0.5452196382358498,
      0.511627906970134,
      0.4689922480559562,
      0.42118863048551436
    ],
    "3": [
      0.7157622738925612,
      0.7222222222128912,
      0.7196382428847592,
      0.6963824289315713,
      0.6653746769939874,
      0.6175710594235456,
      0.5633074935327738
    ],
    "5": [
      0.8875968992133385,
      0.8914728682055365,
      0.8863049095492725,
      0.8643410852601506,
      0.8540051679476227,
      0.8281653746663028,
      0.7855297157521249
    ],
    "10": [
      0.9754521963698262,
      0.9767441860338922,
      0.9767441860338922,
      0.9715762273776282,
      0.9664082687213642,
      0.9547803617447703,
      0.9470284237603743
    ]
  },
  "final_dba_score": [
    0.9072351421188628,
    0.914987080103359,
    0.9072351421188628,
    0.8925064599483201,
    0.8715762273901807,
    0.8452196382428938,
    0.7971576227390178
  ],
  "final_test_loss_ema": null,
  "final_test_acc_ema": null,
  "final_dba_score_ema": null,
  "save_directory": "/scratch/project_2005641/Beam_prediction/Single_modality/saved_folder_train/Std_SeqLength_parallel/seq_length_5",
  "slurm_job_id": "28778665",
  "slurm_array_task_id": "3"
}