{
  "batch_size": 32,
  "lr": 0.00075,
  "best_val_loss": 1.0158664965629578,
  "best_val_loss_epoch": 64,
  "final_val_loss": 1.0376853954792022,
  "best_test_acc": 0.44186046511057026,
  "final_test_acc": 0.45607235141529623,
  "final_test_loss": 1.0158664965629578,
  "final_topk_acc": {
    "1": [
      0.44186046511057026,
      0.4767441860403521,
      0.4599483204074942,
      0.45607235141529623,
      0.45219638242309823,
      0.44573643410276825,
      0.41343669250111836
    ],
    "2": [
      0.6614987080017894,
      0.7002583979237693,
      0.6925064599393733,
      0.6925064599393733,
      0.6666666666580534,
      0.6498708010251955,
      0.6304909560642056
    ],
    "3": [
      0.8126614986975108,
      0.8410852713069628,
      0.8281653746663028,
      0.8229974160100387,
      0.8139534883615768,
      0.8023255813849829,
      0.780361757095861
    ],
    "5": [
      0.9457364340963083,
      0.9457364340963083,
      0.9560723514088363,
      0.9573643410729022,
      0.9521963824166383,
      0.9379844961119124,
      0.9289405684634504
    ],
    "10": [
      0.9974160206589481,
      0.9961240309948821,
      0.9961240309948821,
      0.9974160206589481,
      0.9948320413308162,
      0.9948320413308162,
      0.9909560723386182
    ]
  },
  "final_dba_score": [
    0.9509043927648578,
    0.9576227390180879,
    0.9568475452196383,
    0.9550387596899225,
    0.9509043927648578,
    0.9444444444444444,
    0.9341085271317828
  ],
  "final_test_loss_ema": null,
  "final_test_acc_ema": null,
  "final_dba_score_ema": null,
  "save_directory": "/scratch/project_2005641/Beam_prediction/Single_modality/saved_folder_train/TeacherCvn_T2.0_A0.3_LR/batch_size_32_lr_7.5e-04",
  "slurm_job_id": "28857452",
  "slurm_array_task_id": "14"
}