{
  "temperature": 3,
  "alpha": 0.5,
  "best_val_loss": 1.17827232837677,
  "best_val_loss_epoch": 32,
  "final_val_loss": 1.5964791035652162,
  "best_test_acc": 0.44702842376683427,
  "final_test_acc": 0.4224806201495804,
  "final_test_loss": 1.17827232837677,
  "final_topk_acc": {
    "1": [
      0.44702842376683427,
      0.42764857880584434,
      0.4379844961183723,
      0.42506459947771236,
      0.4069767441807884,
      0.4302325581339763,
      0.4263565891417783
    ],
    "2": [
      0.6614987080017894,
      0.6718346253143174,
      0.6602067183377234,
      0.6369509043845355,
      0.6072351421110176,
      0.6214470284157436,
      0.6059431524469516
    ],
    "3": [
      0.8139534883615768,
      0.8139534883615768,
      0.8100775193693789,
      0.7919896640724549,
      0.7700258397833329,
      0.7364341085176171,
      0.7325581395254191
    ],
    "5": [
      0.9211886304790544,
      0.9237726098071863,
      0.9198966408149885,
      0.9211886304790544,
      0.9198966408149885,
      0.9134366924946584,
      0.9134366924946584
    ],
    "10": [
      0.9819121446901562,
      0.9793281653620242,
      0.9844961240182881,
      0.9806201550260901,
      0.9793281653620242,
      0.9767441860338922,
      0.9780361756979582
    ]
  },
  "final_dba_score": [
    0.945219638242894,
    0.944702842377261,
    0.9434108527131783,
    0.9395348837209302,
    0.9286821705426356,
    0.914987080103359,
    0.9131782945736433
  ],
  "save_directory": "/scratch/project_2005641/Beam_prediction/Single_modality/saved_folder_train/StdMax_Talpha_L5J6_lr0.0007/T_3_alpha_0.5",
  "slurm_job_id": "29014604",
  "slurm_array_task_id": "8"
}