{
  "seq_length": 3,
  "batch_size": 32,
  "lr": 0.0001,
  "best_val_loss": 1.582096390724182,
  "best_val_loss_epoch": 59,
  "final_val_loss": 1.977274444103241,
  "best_test_acc": 0.39922480619639245,
  "final_test_acc": 0.3682170542588086,
  "final_test_loss": 1.582096390724182,
  "final_topk_acc": {
    "1": [
      0.39922480619639245,
      0.3591731266103466,
      0.3514211886259506,
      0.3113695090399048,
      0.3113695090399048,
      0.3074935400477068,
      0.2829457364304529
    ],
    "2": [
      0.6007751937906877,
      0.5736434108453018,
      0.5555555555483779,
      0.503875968985738,
      0.4728682170481541,
      0.4664082687278242,
      0.44186046511057026
    ],
    "3": [
      0.7170542635566272,
      0.7170542635566272,
      0.6963824289315713,
      0.6434108527048655,
      0.6124031007672817,
      0.5865633074859617,
      0.5671834625249718
    ],
    "5": [
      0.8630490955960847,
      0.8630490955960847,
      0.8462532299632267,
      0.8255813953381708,
      0.7958656330646529,
      0.759689922470805,
      0.748062015494211
    ],
    "10": [
      0.9573643410729022,
      0.9534883720807042,
      0.9470284237603743,
      0.9418604651041104,
      0.9341085271197144,
      0.9366925064478463,
      0.9198966408149885
    ]
  },
  "final_dba_score": [
    0.8914728682170542,
    0.8940568475452194,
    0.8816537467700256,
    0.8532299741602065,
    0.8271317829457362,
    0.8113695090439275,
    0.7992248062015503
  ],
  "final_test_loss_ema": null,
  "final_test_acc_ema": null,
  "final_dba_score_ema": null,
  "save_directory": "/scratch/project_2005641/Beam_prediction/Single_modality/saved_folder_train/Std_SeqLength_parallel/seq_length_3",
  "slurm_job_id": "28778663",
  "slurm_array_task_id": "1"
}